﻿<?xml version="1.0" encoding="utf-8"?>
<publishData>
  <publishProfile publishUrl="C:\Users\Administrator.WY-20131025YIBO\Desktop\dtcms4sqlopen" deleteExistingFiles="False" ftpAnonymousLogin="False" ftpPassiveMode="True" msdeploySite="" msdeploySiteID="" msdeployRemoteSitePhysicalPath="" msdeployAllowUntrustedCertificate="False" msdeploySkipExtraFilesOnServer="True" msdeployMarkAsApp="False" profileName="配置文件1" publishMethod="FileSystem" replaceMatchingFiles="True" userName="" savePWD="False" userPWD="" SelectedForPublish="True">
    <file relUrl="scripts/jquery/Validform_v5.3.2_min.js" publishTime="03/09/2015 15:05:13" />
    <file relUrl="templates/main/video.html" publishTime="04/19/2015 18:30:04" />
    <file relUrl="editor/plugins/emoticons/images/89.gif" publishTime="03/23/2015 14:49:59" />
    <file relUrl="editor/plugins/emoticons/images/132.gif" publishTime="03/23/2015 14:49:59" />
    <file relUrl="editor/plugins/emoticons/images/117.gif" publishTime="03/23/2015 14:49:59" />
    <file relUrl="scripts/artdialog/dialog-plus-min.js" publishTime="02/12/2015 00:34:56" />
    <file relUrl="admin/article/comment_list.aspx" publishTime="03/23/2015 00:18:01" />
    <file relUrl="favicon.ico" publishTime="04/03/2015 20:09:59" />
    <file relUrl="templates/main/images/search.png" publishTime="01/26/2015 13:57:42" />
    <file relUrl="editor/plugins/emoticons/images/43.gif" publishTime="03/23/2015 14:49:59" />
    <file relUrl="templates/main/images/logo.png" publishTime="04/15/2015 22:51:13" />
    <file relUrl="admin/settings/builder_html.aspx" publishTime="05/14/2015 23:10:12" />
    <file relUrl="images/oauth/feixin.png" publishTime="04/24/2015 19:06:46" />
    <file relUrl="css/jquery.jcrop.css" publishTime="04/29/2015 01:51:22" />
    <file relUrl="aspx/main/down_show.aspx" publishTime="05/15/2015 01:37:44" />
    <file relUrl="admin/users/group_edit.aspx" publishTime="03/31/2015 01:36:26" />
    <file relUrl="images/oauth/kaixin.png" publishTime="04/24/2015 19:06:46" />
    <file relUrl="bin/DTcms.Web.pdb" publishTime="05/16/2015 14:21:55" />
    <file relUrl="bin/DTcms.Web.UI.pdb" publishTime="05/15/2015 02:15:13" />
    <file relUrl="templates/main/userpoint.html" publishTime="04/28/2015 01:21:32" />
    <file relUrl="images/oauth/weibo.png" publishTime="04/24/2015 19:06:46" />
    <file relUrl="admin/ie6update.html" publishTime="04/24/2015 13:47:17" />
    <file relUrl="admin/users/message_list.aspx" publishTime="03/31/2015 01:31:14" />
    <file relUrl="editor/themes/common/rm.gif" publishTime="03/23/2015 14:50:12" />
    <file relUrl="api/oauth/taobao/result_json.aspx" publishTime="05/01/2015 15:33:24" />
    <file relUrl="scripts/ckplayer/share/feixin.png" publishTime="04/06/2015 10:37:17" />
    <file relUrl="editor/plugins/emoticons/images/84.gif" publishTime="03/23/2015 14:49:59" />
    <file relUrl="admin/channel/attribute_field_edit.aspx" publishTime="05/15/2015 02:07:28" />
    <file relUrl="editor/plugins/emoticons/images/3.gif" publishTime="03/23/2015 14:49:59" />
    <file relUrl="scripts/ckplayer/share/qq2.png" publishTime="04/06/2015 10:37:17" />
    <file relUrl="watermark.png" publishTime="04/15/2015 22:54:28" />
    <file relUrl="editor/plugins/filemanager/images/folder-64.gif" publishTime="03/23/2015 14:49:59" />
    <file relUrl="admin/article/comment_edit.aspx" publishTime="03/23/2015 00:29:22" />
    <file relUrl="scripts/datepicker/WdatePicker.js" publishTime="02/12/2015 00:37:07" />
    <file relUrl="admin/manager/role_edit.aspx" publishTime="05/04/2015 00:05:03" />
    <file relUrl="api/oauth/sina/result_json.aspx" publishTime="05/01/2015 15:33:24" />
    <file relUrl="editor/lang/zh-CN.js" publishTime="03/23/2015 14:49:22" />
    <file relUrl="editor/plugins/emoticons/images/20.gif" publishTime="03/23/2015 14:49:59" />
    <file relUrl="editor/plugins/emoticons/images/73.gif" publishTime="03/23/2015 14:49:59" />
    <file relUrl="aspx/main/userorder_show.aspx" publishTime="05/15/2015 01:37:44" />
    <file relUrl="editor/plugins/emoticons/images/63.gif" publishTime="03/23/2015 14:49:59" />
    <file relUrl="xmlconfig/tenpaypc.config" publishTime="10/15/2013 01:16:43" />
    <file relUrl="bin/DTcms.BLL.pdb" publishTime="05/15/2015 02:15:13" />
    <file relUrl="tools/download.ashx" publishTime="04/19/2015 02:12:56" />
    <file relUrl="templates/main/index.html" publishTime="05/03/2015 02:41:50" />
    <file relUrl="scripts/ckplayer/share/sina.png" publishTime="04/06/2015 10:37:17" />
    <file relUrl="aspx/main/register.aspx" publishTime="05/15/2015 01:37:44" />
    <file relUrl="scripts/datepicker/skin/WdatePicker.css" publishTime="02/12/2015 00:37:07" />
    <file relUrl="admin/order/order_confirm.aspx" publishTime="04/02/2015 03:46:11" />
    <file relUrl="editor/plugins/emoticons/images/99.gif" publishTime="03/23/2015 14:49:59" />
    <file relUrl="templates/main/_share_js.html" publishTime="04/20/2015 04:33:35" />
    <file relUrl="admin/skin/default/logo.png" publishTime="02/12/2015 00:24:47" />
    <file relUrl="editor/plugins/emoticons/images/70.gif" publishTime="03/23/2015 14:49:59" />
    <file relUrl="editor/themes/common/anchor.gif" publishTime="03/23/2015 14:50:12" />
    <file relUrl="api/oauth/feixin/index.aspx" publishTime="05/01/2015 15:33:24" />
    <file relUrl="xmlconfig/user.config" publishTime="05/03/2015 18:47:41" />
    <file relUrl="editor/plugins/emoticons/images/19.gif" publishTime="03/23/2015 14:49:59" />
    <file relUrl="templates/main/images/delivery.png" publishTime="04/27/2015 17:22:34" />
    <file relUrl="editor/plugins/emoticons/images/85.gif" publishTime="03/23/2015 14:49:59" />
    <file relUrl="scripts/ckplayer/share/kaixin001.png" publishTime="04/06/2015 10:37:17" />
    <file relUrl="admin/js/laymain.js" publishTime="03/27/2015 03:17:57" />
    <file relUrl="editor/plugins/emoticons/images/129.gif" publishTime="03/23/2015 14:49:59" />
    <file relUrl="css/validate.css" publishTime="04/17/2015 22:17:02" />
    <file relUrl="scripts/ckplayer/share/sohu.png" publishTime="04/06/2015 10:37:17" />
    <file relUrl="editor/plugins/image/images/align_top.gif" publishTime="03/23/2015 14:49:59" />
    <file relUrl="admin/settings/plugin_list.aspx" publishTime="05/02/2015 04:23:14" />
    <file relUrl="editor/plugins/filemanager/images/file-64.gif" publishTime="03/23/2015 14:49:59" />
    <file relUrl="editor/plugins/emoticons/images/127.gif" publishTime="03/23/2015 14:49:59" />
    <file relUrl="editor/plugins/emoticons/images/48.gif" publishTime="03/23/2015 14:49:59" />
    <file relUrl="editor/plugins/emoticons/images/5.gif" publishTime="03/23/2015 14:49:59" />
    <file relUrl="templates/main/images/login-bg.png" publishTime="05/02/2015 15:21:27" />
    <file relUrl="scripts/ckplayer/related.xml" publishTime="04/06/2015 10:37:17" />
    <file relUrl="templates/main/news_show.html" publishTime="04/20/2015 17:46:25" />
    <file relUrl="editor/kindeditor-min.js" publishTime="03/23/2015 14:52:13" />
    <file relUrl="editor/plugins/image/images/refresh.png" publishTime="03/23/2015 14:49:59" />
    <file relUrl="scripts/ckplayer/language.xml" publishTime="04/06/2015 10:37:17" />
    <file relUrl="templates/main/video_list.html" publishTime="04/19/2015 17:02:41" />
    <file relUrl="editor/plugins/emoticons/images/36.gif" publishTime="03/23/2015 14:49:59" />
    <file relUrl="editor/lang/ru.js" publishTime="03/23/2015 14:49:22" />
    <file relUrl="aspx/main/news_list.aspx" publishTime="05/15/2015 01:37:44" />
    <file relUrl="bin/DTcms.Model.dll" publishTime="05/15/2015 02:15:12" />
    <file relUrl="bin/DTcms.Common.dll" publishTime="05/15/2015 02:15:11" />
    <file relUrl="api/oauth/feixin/return_url.aspx" publishTime="05/01/2015 15:33:24" />
    <file relUrl="admin/settings/url_rewrite_list.aspx" publishTime="03/20/2015 01:50:04" />
    <file relUrl="editor/plugins/emoticons/images/15.gif" publishTime="03/23/2015 14:49:59" />
    <file relUrl="templates/main/js/jquery.flexslider-min.js" publishTime="06/30/2014 09:09:44" />
    <file relUrl="scripts/jquery/jquery-1.11.2.min.js" publishTime="02/12/2015 00:21:40" />
    <file relUrl="templates/main/_comment_box.html" publishTime="05/14/2015 23:48:18" />
    <file relUrl="editor/plugins/emoticons/images/54.gif" publishTime="03/23/2015 14:49:59" />
    <file relUrl="editor/plugins/emoticons/images/100.gif" publishTime="03/23/2015 14:49:58" />
    <file relUrl="admin/manager/manager_log.aspx" publishTime="03/15/2015 22:39:05" />
    <file relUrl="admin/skin/default/order_speed.gif" publishTime="04/02/2015 18:51:48" />
    <file relUrl="editor/plugins/emoticons/images/116.gif" publishTime="03/23/2015 14:49:58" />
    <file relUrl="admin/login.aspx" publishTime="05/11/2015 02:27:48" />
    <file relUrl="templates/main/images/next.png" publishTime="03/30/2014 09:45:10" />
    <file relUrl="editor/plugins/emoticons/images/95.gif" publishTime="03/23/2015 14:49:59" />
    <file relUrl="admin/skin/layout.css" publishTime="02/12/2015 00:24:02" />
    <file relUrl="editor/plugins/filemanager/images/file-16.gif" publishTime="03/23/2015 14:49:59" />
    <file relUrl="editor/plugins/pagebreak/pagebreak.js" publishTime="03/23/2015 14:49:59" />
    <file relUrl="editor/plugins/emoticons/images/44.gif" publishTime="03/23/2015 14:49:59" />
    <file relUrl="admin/users/recharge_list.aspx" publishTime="05/06/2015 21:39:08" />
    <file relUrl="editor/plugins/quickformat/quickformat.js" publishTime="03/23/2015 14:49:59" />
    <file relUrl="aspx/main/photo.aspx" publishTime="05/15/2015 01:37:44" />
    <file relUrl="editor/plugins/emoticons/images/62.gif" publishTime="03/23/2015 14:49:59" />
    <file relUrl="templates/main/goods.html" publishTime="04/19/2015 22:34:02" />
    <file relUrl="editor/themes/common/flash.gif" publishTime="03/23/2015 14:50:12" />
    <file relUrl="aspx/main/error.aspx" publishTime="05/15/2015 01:37:44" />
    <file relUrl="aspx/main/down_list.aspx" publishTime="05/15/2015 01:37:44" />
    <file relUrl="xmlconfig/urls.config" publishTime="05/15/2015 02:02:43" />
    <file relUrl="css/valid_icons.png" publishTime="04/17/2015 23:37:30" />
    <file relUrl="editor/plugins/emoticons/images/131.gif" publishTime="03/23/2015 14:49:59" />
    <file relUrl="tools/upload_ajax.ashx" publishTime="03/17/2015 22:59:46" />
    <file relUrl="templates/main/oauth_login.html" publishTime="05/02/2015 18:45:40" />
    <file relUrl="aspx/main/goods_show.aspx" publishTime="05/15/2015 01:37:44" />
    <file relUrl="admin/dialog/dialog_print.aspx" publishTime="05/15/2015 01:29:13" />
    <file relUrl="admin/skin/default/ie_update.jpg" publishTime="04/24/2015 13:47:45" />
    <file relUrl="admin/users/oauth_list.aspx" publishTime="03/31/2015 17:11:05" />
    <file relUrl="editor/plugins/emoticons/images/111.gif" publishTime="03/23/2015 14:49:58" />
    <file relUrl="scripts/ckplayer/ckplayer.swf" publishTime="04/06/2015 10:37:17" />
    <file relUrl="editor/plugins/emoticons/images/45.gif" publishTime="03/23/2015 14:49:59" />
    <file relUrl="scripts/ckplayer/share/rr.png" publishTime="04/06/2015 10:37:17" />
    <file relUrl="css/image1.gif" publishTime="03/15/2015 22:38:00" />
    <file relUrl="xmlconfig/site.config" publishTime="05/14/2015 22:52:04" />
    <file relUrl="editor/plugins/image/image.js" publishTime="03/23/2015 14:49:59" />
    <file relUrl="bin/DTcms.Web.UI.dll" publishTime="05/15/2015 02:15:13" />
    <file relUrl="editor/plugins/emoticons/images/71.gif" publishTime="03/23/2015 14:49:59" />
    <file relUrl="editor/kindeditor.js" publishTime="03/23/2015 14:52:13" />
    <file relUrl="aspx/main/useramount.aspx" publishTime="05/15/2015 01:37:44" />
    <file relUrl="editor/plugins/emoticons/images/58.gif" publishTime="03/23/2015 14:49:59" />
    <file relUrl="css/meneame.jpg" publishTime="03/15/2015 22:38:00" />
    <file relUrl="aspx/main/video.aspx" publishTime="05/15/2015 01:37:44" />
    <file relUrl="aspx/main/usercenter.aspx" publishTime="05/15/2015 01:37:44" />
    <file relUrl="aspx/main/cart.aspx" publishTime="05/15/2015 01:37:44" />
    <file relUrl="editor/plugins/emoticons/images/77.gif" publishTime="03/23/2015 14:49:59" />
    <file relUrl="admin/order/order_config.aspx" publishTime="05/14/2015 22:07:57" />
    <file relUrl="editor/plugins/emoticons/images/38.gif" publishTime="03/23/2015 14:49:59" />
    <file relUrl="api/oauth/kaixin/index.aspx" publishTime="05/01/2015 15:33:24" />
    <file relUrl="editor/lang/en.js" publishTime="03/23/2015 14:49:22" />
    <file relUrl="scripts/webuploader/uploader.swf" publishTime="02/14/2015 23:15:02" />
    <file relUrl="admin/dialog/dialog_accept.aspx" publishTime="04/24/2015 02:32:32" />
    <file relUrl="editor/plugins/emoticons/images/67.gif" publishTime="03/23/2015 14:49:59" />
    <file relUrl="editor/plugins/emoticons/images/12.gif" publishTime="03/23/2015 14:49:59" />
    <file relUrl="tools/admin_ajax.ashx" publishTime="03/13/2015 10:51:18" />
    <file relUrl="editor/plugins/emoticons/images/87.gif" publishTime="03/23/2015 14:49:59" />
    <file relUrl="editor/plugins/template/html/2.html" publishTime="03/23/2015 14:49:59" />
    <file relUrl="aspx/main/repassword.aspx" publishTime="05/15/2015 01:37:44" />
    <file relUrl="templates/main/repassword.html" publishTime="05/02/2015 18:24:09" />
    <file relUrl="editor/plugins/image/images/align_left.gif" publishTime="03/23/2015 14:49:59" />
    <file relUrl="aspx/main/payment.aspx" publishTime="05/15/2015 01:37:44" />
    <file relUrl="editor/plugins/map/map.html" publishTime="03/23/2015 14:49:59" />
    <file relUrl="scripts/jquery/PCASClass.js" publishTime="04/24/2015 01:59:33" />
    <file relUrl="editor/plugins/emoticons/images/37.gif" publishTime="03/23/2015 14:49:59" />
    <file relUrl="editor/plugins/emoticons/images/125.gif" publishTime="03/23/2015 14:49:59" />
    <file relUrl="editor/plugins/emoticons/images/27.gif" publishTime="03/23/2015 14:49:59" />
    <file relUrl="admin/settings/nav_list.aspx" publishTime="04/03/2015 14:53:21" />
    <file relUrl="editor/plugins/emoticons/images/128.gif" publishTime="03/23/2015 14:49:59" />
    <file relUrl="admin/dialog/dialog_rewrite.aspx" publishTime="04/02/2015 05:51:23" />
    <file relUrl="api/oauth/renren/return_url.aspx" publishTime="05/01/2015 15:33:24" />
    <file relUrl="editor/plugins/emoticons/images/76.gif" publishTime="03/23/2015 14:49:59" />
    <file relUrl="scripts/jquery/jquery.lazyload.min.js" publishTime="03/22/2015 23:25:07" />
    <file relUrl="templates/main/search.html" publishTime="05/15/2015 00:03:46" />
    <file relUrl="bin/DTcms.Web.dll" publishTime="05/16/2015 14:21:55" />
    <file relUrl="editor/plugins/emoticons/images/55.gif" publishTime="03/23/2015 14:49:59" />
    <file relUrl="editor/plugins/baidumap/map.html" publishTime="03/23/2015 14:49:58" />
    <file relUrl="templates/main/content.html" publishTime="05/01/2015 03:10:16" />
    <file relUrl="editor/plugins/emoticons/images/34.gif" publishTime="03/23/2015 14:49:59" />
    <file relUrl="templates/main/images/line-1.png" publishTime="01/26/2015 15:25:31" />
    <file relUrl="admin/channel/site_list.aspx" publishTime="05/14/2015 21:47:24" />
    <file relUrl="aspx/main/userorder.aspx" publishTime="05/15/2015 01:37:44" />
    <file relUrl="admin/skin/default/valid_icons.png" publishTime="03/09/2015 21:34:57" />
    <file relUrl="editor/plugins/emoticons/images/49.gif" publishTime="03/23/2015 14:49:59" />
    <file relUrl="templates/main/images/pic-bg.png" publishTime="04/15/2015 23:15:52" />
    <file relUrl="templates/main/about.png" publishTime="04/19/2015 03:01:54" />
    <file relUrl="editor/plugins/insertfile/insertfile.js" publishTime="03/23/2015 14:49:59" />
    <file relUrl="admin/dialog/dialog_express.aspx" publishTime="04/02/2015 05:44:42" />
    <file relUrl="templates/main/useramount.html" publishTime="05/15/2015 01:37:30" />
    <file relUrl="templates/main/images/line.png" publishTime="01/25/2015 21:37:07" />
    <file relUrl="editor/plugins/emoticons/images/102.gif" publishTime="03/23/2015 14:49:58" />
    <file relUrl="admin/article/article_edit.aspx" publishTime="05/14/2015 23:43:24" />
    <file relUrl="editor/plugins/template/html/1.html" publishTime="03/23/2015 14:49:59" />
    <file relUrl="scripts/ckplayer/share/msn.png" publishTime="04/06/2015 10:37:17" />
    <file relUrl="aspx/main/usermessage.aspx" publishTime="05/15/2015 01:37:44" />
    <file relUrl="tools/submit_ajax.ashx" publishTime="04/17/2015 20:34:10" />
    <file relUrl="editor/plugins/emoticons/images/9.gif" publishTime="03/23/2015 14:49:59" />
    <file relUrl="admin/users/mail_template_list.aspx" publishTime="04/03/2015 15:03:56" />
    <file relUrl="editor/plugins/multiimage/images/select-files-zh-CN.png" publishTime="03/23/2015 14:49:59" />
    <file relUrl="xmlconfig/order.config" publishTime="05/14/2015 23:12:22" />
    <file relUrl="admin/users/point_log.aspx" publishTime="03/31/2015 02:31:38" />
    <file relUrl="scripts/webuploader/webuploader.min.js" publishTime="02/14/2015 23:15:02" />
    <file relUrl="editor/plugins/multiimage/multiimage.js" publishTime="03/23/2015 14:49:59" />
    <file relUrl="admin/settings/templet_list.aspx" publishTime="03/20/2015 03:34:34" />
    <file relUrl="admin/users/oauth_app_edit.aspx" publishTime="05/14/2015 22:46:04" />
    <file relUrl="templates/main/js/lightbox.min.js" publishTime="03/30/2014 09:45:10" />
    <file relUrl="scripts/artdialog/dialog-min.js" publishTime="02/12/2015 00:34:56" />
    <file relUrl="templates/main/images/sprite.gif" publishTime="12/06/2013 13:13:21" />
    <file relUrl="editor/plugins/emoticons/images/130.gif" publishTime="03/23/2015 14:49:59" />
    <file relUrl="editor/plugins/emoticons/images/60.gif" publishTime="03/23/2015 14:49:59" />
    <file relUrl="admin/users/user_audit.aspx" publishTime="03/30/2015 20:39:56" />
    <file relUrl="scripts/datepicker/skin/default/datepicker.css" publishTime="02/12/2015 00:37:07" />
    <file relUrl="editor/plugins/lineheight/lineheight.js" publishTime="03/23/2015 14:49:59" />
    <file relUrl="editor/plugins/emoticons/images/96.gif" publishTime="03/23/2015 14:49:59" />
    <file relUrl="api/oauth/sina/return_url.aspx" publishTime="05/01/2015 15:33:24" />
    <file relUrl="admin/article/category_list.aspx" publishTime="03/22/2015 23:56:31" />
    <file relUrl="api/oauth/qq/return_url.aspx" publishTime="05/01/2015 15:33:24" />
    <file relUrl="editor/plugins/emoticons/images/30.gif" publishTime="03/23/2015 14:49:59" />
    <file relUrl="editor/plugins/emoticons/images/110.gif" publishTime="03/23/2015 14:49:58" />
    <file relUrl="editor/plugins/multiimage/images/swfupload.swf" publishTime="03/23/2015 14:49:59" />
    <file relUrl="editor/plugins/emoticons/images/122.gif" publishTime="03/23/2015 14:49:59" />
    <file relUrl="editor/plugins/emoticons/images/10.gif" publishTime="03/23/2015 14:49:58" />
    <file relUrl="editor/plugins/emoticons/images/93.gif" publishTime="03/23/2015 14:49:59" />
    <file relUrl="templates/main/_footer.html" publishTime="05/01/2015 02:49:47" />
    <file relUrl="templates/main/news.html" publishTime="04/19/2015 18:52:56" />
    <file relUrl="scripts/datepicker/skin/datePicker.gif" publishTime="02/12/2015 00:37:07" />
    <file relUrl="scripts/jquery/jquery.nicescroll.js" publishTime="02/12/2015 00:22:46" />
    <file relUrl="admin/js/layindex.js" publishTime="03/27/2015 03:20:39" />
    <file relUrl="admin/skin/default/nav/pus.png" publishTime="03/23/2015 14:14:27" />
    <file relUrl="templates/main/js/login-validate.js" publishTime="04/24/2015 22:11:48" />
    <file relUrl="templates/main/down_list.html" publishTime="04/19/2015 01:33:21" />
    <file relUrl="editor/plugins/emoticons/images/86.gif" publishTime="03/23/2015 14:49:59" />
    <file relUrl="editor/plugins/filemanager/filemanager.js" publishTime="03/23/2015 14:49:59" />
    <file relUrl="editor/plugins/emoticons/images/59.gif" publishTime="03/23/2015 14:49:59" />
    <file relUrl="admin/js/common.js" publishTime="05/04/2015 15:50:46" />
    <file relUrl="bin/DTcms.DAL.dll" publishTime="05/15/2015 02:15:13" />
    <file relUrl="editor/plugins/emoticons/images/113.gif" publishTime="03/23/2015 14:49:58" />
    <file relUrl="admin/channel/site_edit.aspx" publishTime="05/14/2015 22:03:36" />
    <file relUrl="scripts/ckplayer/share.xml" publishTime="04/06/2015 10:37:17" />
    <file relUrl="editor/plugins/emoticons/images/50.gif" publishTime="03/23/2015 14:49:59" />
    <file relUrl="editor/plugins/emoticons/images/90.gif" publishTime="03/23/2015 14:49:59" />
    <file relUrl="editor/plugins/emoticons/images/8.gif" publishTime="03/23/2015 14:49:59" />
    <file relUrl="editor/plugins/emoticons/images/39.gif" publishTime="03/23/2015 14:49:59" />
    <file relUrl="editor/plugins/emoticons/images/26.gif" publishTime="03/23/2015 14:49:59" />
    <file relUrl="editor/plugins/link/link.js" publishTime="03/23/2015 14:49:59" />
    <file relUrl="bin/DTcms.Model.pdb" publishTime="05/15/2015 02:15:12" />
    <file relUrl="editor/plugins/emoticons/images/61.gif" publishTime="03/23/2015 14:49:59" />
    <file relUrl="editor/plugins/fixtoolbar/fixtoolbar.js" publishTime="03/23/2015 14:49:59" />
    <file relUrl="bin/DTcms.Common.pdb" publishTime="05/15/2015 02:15:11" />
    <file relUrl="aspx/main/oauth_login.aspx" publishTime="05/15/2015 01:37:44" />
    <file relUrl="templates/main/css/style.css" publishTime="05/03/2015 03:04:43" />
    <file relUrl="editor/plugins/code/prettify.js" publishTime="03/23/2015 14:49:58" />
    <file relUrl="editor/plugins/emoticons/images/80.gif" publishTime="03/23/2015 14:49:59" />
    <file relUrl="editor/plugins/emoticons/images/4.gif" publishTime="03/23/2015 14:49:59" />
    <file relUrl="editor/lang/ar.js" publishTime="03/23/2015 14:49:22" />
    <file relUrl="templates/main/images/user-avatar.png" publishTime="04/17/2015 14:37:04" />
    <file relUrl="editor/themes/default/default.css" publishTime="03/23/2015 14:50:12" />
    <file relUrl="scripts/ckplayer/ckplayer.xml" publishTime="04/19/2015 17:42:43" />
    <file relUrl="templates/main/js/register-validate.js" publishTime="04/30/2015 00:44:34" />
    <file relUrl="editor/plugins/emoticons/images/21.gif" publishTime="03/23/2015 14:49:59" />
    <file relUrl="aspx/main/shopping.aspx" publishTime="05/15/2015 01:37:44" />
    <file relUrl="templates/main/images/icon-tips.png" publishTime="12/06/2013 13:13:20" />
    <file relUrl="aspx/main/usermessage_show.aspx" publishTime="05/15/2015 01:37:44" />
    <file relUrl="admin/article/article_list.aspx" publishTime="05/14/2015 23:19:36" />
    <file relUrl="admin/users/user_sms.aspx" publishTime="05/04/2015 00:05:02" />
    <file relUrl="admin/order/payment_edit.aspx" publishTime="05/15/2015 21:32:24" />
    <file relUrl="templates/main/js/common.js" publishTime="05/04/2015 14:15:09" />
    <file relUrl="editor/plugins/emoticons/images/103.gif" publishTime="03/23/2015 14:49:58" />
    <file relUrl="templates/main/down.html" publishTime="04/19/2015 01:25:46" />
    <file relUrl="templates/main/goods_list.html" publishTime="05/15/2015 00:13:59" />
    <file relUrl="aspx/plugin/link.aspx" publishTime="05/03/2015 02:23:12" />
    <file relUrl="admin/order/payment_list.aspx" publishTime="05/14/2015 22:43:26" />
    <file relUrl="aspx/main/userpoint.aspx" publishTime="05/15/2015 01:37:44" />
    <file relUrl="admin/order/order_list.aspx" publishTime="04/01/2015 02:00:57" />
    <file relUrl="editor/plugins/filemanager/images/folder-16.gif" publishTime="03/23/2015 14:49:59" />
    <file relUrl="editor/plugins/template/template.js" publishTime="03/23/2015 14:49:59" />
    <file relUrl="scripts/datepicker/skin/whyGreen/img.gif" publishTime="02/12/2015 00:37:07" />
    <file relUrl="admin/settings/nav_edit.aspx" publishTime="03/23/2015 14:11:53" />
    <file relUrl="templates/main/images/user.png" publishTime="04/15/2015 23:24:12" />
    <file relUrl="editor/plugins/multiimage/images/select-files-en.png" publishTime="03/23/2015 14:49:59" />
    <file relUrl="editor/plugins/preview/preview.js" publishTime="03/23/2015 14:49:59" />
    <file relUrl="css/jcrop.gif" publishTime="04/28/2015 22:41:40" />
    <file relUrl="aspx/main/down.aspx" publishTime="05/15/2015 01:37:44" />
    <file relUrl="scripts/datepicker/lang/en.js" publishTime="02/12/2015 00:37:07" />
    <file relUrl="editor/plugins/emoticons/images/81.gif" publishTime="03/23/2015 14:49:59" />
    <file relUrl="api/oauth/qq/result_json.aspx" publishTime="05/01/2015 15:33:24" />
    <file relUrl="admin/index.aspx" publishTime="04/02/2015 18:57:08" />
    <file relUrl="aspx/main/index.aspx" publishTime="05/15/2015 01:37:44" />
    <file relUrl="templates/main/js/picture.js" publishTime="04/12/2015 00:13:33" />
    <file relUrl="editor/plugins/clearhtml/clearhtml.js" publishTime="03/23/2015 14:49:58" />
    <file relUrl="templates/main/payment.html" publishTime="05/02/2015 23:42:58" />
    <file relUrl="scripts/jquery/jquery.jqzoom.js" publishTime="04/16/2015 22:26:58" />
    <file relUrl="editor/plugins/emoticons/images/17.gif" publishTime="03/23/2015 14:49:59" />
    <file relUrl="admin/skin/default/loadimg.gif" publishTime="04/03/2015 15:18:40" />
    <file relUrl="admin/skin/default/skin_icons.png" publishTime="04/03/2015 04:32:28" />
    <file relUrl="editor/themes/default/default.png" publishTime="03/23/2015 14:50:12" />
    <file relUrl="editor/plugins/emoticons/images/123.gif" publishTime="03/23/2015 14:49:59" />
    <file relUrl="scripts/jquery/jquery.pagination.js" publishTime="04/17/2015 22:26:23" />
    <file relUrl="aspx/main/photo_list.aspx" publishTime="05/15/2015 01:37:44" />
    <file relUrl="scripts/datepicker/lang/zh-tw.js" publishTime="02/12/2015 00:37:07" />
    <file relUrl="editor/plugins/emoticons/images/56.gif" publishTime="03/23/2015 14:49:59" />
    <file relUrl="admin/order/express_edit.aspx" publishTime="03/31/2015 23:29:40" />
    <file relUrl="editor/themes/common/loading.gif" publishTime="03/23/2015 14:50:12" />
    <file relUrl="api/oauth/kaixin/return_url.aspx" publishTime="05/01/2015 15:33:24" />
    <file relUrl="editor/plugins/emoticons/images/35.gif" publishTime="03/23/2015 14:49:59" />
    <file relUrl="admin/users/recharge_edit.aspx" publishTime="03/31/2015 03:12:40" />
    <file relUrl="admin/skin/base.css" publishTime="03/25/2015 15:58:13" />
    <file relUrl="editor/plugins/emoticons/images/32.gif" publishTime="03/23/2015 14:49:59" />
    <file relUrl="admin/settings/templet_file_edit.aspx" publishTime="03/20/2015 03:25:47" />
    <file relUrl="editor/themes/qq/editor.gif" publishTime="03/23/2015 14:50:12" />
    <file relUrl="bin/DTcms.API.dll" publishTime="05/15/2015 02:15:13" />
    <file relUrl="editor/plugins/emoticons/images/46.gif" publishTime="03/23/2015 14:49:59" />
    <file relUrl="editor/plugins/anchor/anchor.js" publishTime="03/23/2015 14:49:58" />
    <file relUrl="editor/plugins/emoticons/images/11.gif" publishTime="03/23/2015 14:49:58" />
    <file relUrl="editor/plugins/emoticons/images/28.gif" publishTime="03/23/2015 14:49:59" />
    <file relUrl="templates/main/js/cart.js" publishTime="05/15/2015 01:17:18" />
    <file relUrl="scripts/datepicker/skin/default/img.gif" publishTime="02/12/2015 00:37:07" />
    <file relUrl="scripts/datepicker/lang/zh-cn.js" publishTime="02/12/2015 00:37:07" />
    <file relUrl="admin/js/uploader.js" publishTime="03/23/2015 19:41:45" />
    <file relUrl="editor/themes/default/background.png" publishTime="03/23/2015 14:50:12" />
    <file relUrl="admin/users/user_list.aspx" publishTime="04/02/2015 06:56:33" />
    <file relUrl="bin/Senparc.Weixin.MP.dll" publishTime="05/04/2015 00:12:17" />
    <file relUrl="editor/plugins/emoticons/images/112.gif" publishTime="03/23/2015 14:49:58" />
    <file relUrl="scripts/datepicker/skin/whyGreen/datepicker.css" publishTime="02/12/2015 00:37:07" />
    <file relUrl="editor/plugins/filemanager/images/go-up.gif" publishTime="03/23/2015 14:49:59" />
    <file relUrl="editor/plugins/emoticons/images/91.gif" publishTime="03/23/2015 14:49:59" />
    <file relUrl="editor/plugins/emoticons/images/78.gif" publishTime="03/23/2015 14:49:59" />
    <file relUrl="images/oauth/taobao.png" publishTime="04/24/2015 19:06:46" />
    <file relUrl="editor/plugins/emoticons/images/13.gif" publishTime="03/23/2015 14:49:59" />
    <file relUrl="editor/plugins/emoticons/images/120.gif" publishTime="03/23/2015 14:49:59" />
    <file relUrl="editor/plugins/emoticons/images/7.gif" publishTime="03/23/2015 14:49:59" />
    <file relUrl="admin/users/sms_template_list.aspx" publishTime="04/03/2015 15:03:29" />
    <file relUrl="editor/plugins/autoheight/autoheight.js" publishTime="03/23/2015 14:49:58" />
    <file relUrl="templates/main/usermessage.html" publishTime="04/28/2015 01:20:47" />
    <file relUrl="api/payment/alipaypc/index.aspx" publishTime="05/02/2015 02:29:53" />
    <file relUrl="editor/plugins/emoticons/images/66.gif" publishTime="03/23/2015 14:49:59" />
    <file relUrl="editor/plugins/emoticons/images/16.gif" publishTime="03/23/2015 14:49:59" />
    <file relUrl="scripts/ckplayer/share/qq.png" publishTime="04/06/2015 10:37:17" />
    <file relUrl="api/payment/tenpaypc/return_url.aspx" publishTime="05/02/2015 02:12:24" />
    <file relUrl="scripts/jquery/jquery.jcrop.min.js" publishTime="04/28/2015 19:46:23" />
    <file relUrl="editor/plugins/template/html/3.html" publishTime="03/23/2015 14:49:59" />
    <file relUrl="admin/order/express_list.aspx" publishTime="03/31/2015 23:09:02" />
    <file relUrl="editor/themes/simple/simple.css" publishTime="03/23/2015 14:50:12" />
    <file relUrl="editor/plugins/emoticons/images/24.gif" publishTime="03/23/2015 14:49:59" />
    <file relUrl="admin/article/category_edit.aspx" publishTime="03/23/2015 16:15:42" />
    <file relUrl="editor/plugins/emoticons/images/29.gif" publishTime="03/23/2015 14:49:59" />
    <file relUrl="aspx/plugin/feedback.aspx" publishTime="05/03/2015 14:45:05" />
    <file relUrl="index.aspx" publishTime="01/09/2015 17:46:00" />
    <file relUrl="bin/DTcms.DAL.pdb" publishTime="05/15/2015 02:15:12" />
    <file relUrl="templates/main/userorder_show.html" publishTime="05/14/2015 22:22:15" />
    <file relUrl="api/oauth/qq/index.aspx" publishTime="05/01/2015 15:33:24" />
    <file relUrl="editor/plugins/emoticons/images/106.gif" publishTime="03/23/2015 14:49:58" />
    <file relUrl="templates/main/goods_show.html" publishTime="05/15/2015 01:10:41" />
    <file relUrl="editor/plugins/wordpaste/wordpaste.js" publishTime="03/23/2015 14:49:59" />
    <file relUrl="bin/DTcms.DBUtility.dll" publishTime="05/15/2015 02:15:12" />
    <file relUrl="api/oauth/feixin/result_json.aspx" publishTime="05/01/2015 15:33:24" />
    <file relUrl="api/payment/tenpaypc/notify_url.aspx" publishTime="05/02/2015 02:12:30" />
    <file relUrl="bin/DTcms.DBUtility.pdb" publishTime="05/15/2015 02:15:12" />
    <file relUrl="editor/plugins/emoticons/images/75.gif" publishTime="03/23/2015 14:49:59" />
    <file relUrl="editor/plugins/emoticons/images/105.gif" publishTime="03/23/2015 14:49:58" />
    <file relUrl="editor/plugins/emoticons/images/47.gif" publishTime="03/23/2015 14:49:59" />
    <file relUrl="editor/plugins/emoticons/images/108.gif" publishTime="03/23/2015 14:49:58" />
    <file relUrl="images/oauth/renren.png" publishTime="04/24/2015 19:06:46" />
    <file relUrl="templates/main/video_show.html" publishTime="04/21/2015 21:00:37" />
    <file relUrl="templates/main/shopping.html" publishTime="05/15/2015 01:22:09" />
    <file relUrl="editor/plugins/emoticons/images/25.gif" publishTime="03/23/2015 14:49:59" />
    <file relUrl="templates/main/userorder.html" publishTime="05/02/2015 20:04:23" />
    <file relUrl="admin/center.aspx" publishTime="04/02/2015 19:03:26" />
    <file relUrl="aspx/main/video_list.aspx" publishTime="05/15/2015 01:37:44" />
    <file relUrl="editor/plugins/media/media.js" publishTime="03/23/2015 14:49:59" />
    <file relUrl="images/oauth/qq.png" publishTime="04/24/2015 19:06:46" />
    <file relUrl="api/payment/tenpaypc/index.aspx" publishTime="05/02/2015 02:12:35" />
    <file relUrl="admin/users/mail_template_edit.aspx" publishTime="04/06/2015 11:07:48" />
    <file relUrl="bin/DTcms.API.pdb" publishTime="05/15/2015 02:15:13" />
    <file relUrl="editor/plugins/emoticons/images/83.gif" publishTime="03/23/2015 14:49:59" />
    <file relUrl="editor/plugins/emoticons/images/57.gif" publishTime="03/23/2015 14:49:59" />
    <file relUrl="templates/main/news_list.html" publishTime="04/18/2015 00:14:40" />
    <file relUrl="editor/plugins/code/code.js" publishTime="03/23/2015 14:49:58" />
    <file relUrl="xmlconfig/alipaypc.config" publishTime="10/15/2013 12:54:58" />
    <file relUrl="templates/main/css/flexslider.css" publishTime="01/27/2015 14:55:13" />
    <file relUrl="scripts/datepicker/calendar.js" publishTime="02/12/2015 00:37:07" />
    <file relUrl="scripts/jquery/jquery.form.min.js" publishTime="04/17/2015 22:17:57" />
    <file relUrl="editor/plugins/emoticons/images/33.gif" publishTime="03/23/2015 14:49:59" />
    <file relUrl="editor/plugins/emoticons/images/121.gif" publishTime="03/23/2015 14:49:59" />
    <file relUrl="admin/users/sms_template_edit.aspx" publishTime="03/31/2015 15:09:51" />
    <file relUrl="editor/plugins/emoticons/images/23.gif" publishTime="03/23/2015 14:49:59" />
    <file relUrl="tools/verify_code.ashx" publishTime="04/17/2015 23:31:05" />
    <file relUrl="admin/users/user_config.aspx" publishTime="04/30/2015 17:01:51" />
    <file relUrl="bin/DTcms.BLL.dll" publishTime="05/15/2015 02:15:13" />
    <file relUrl="editor/plugins/emoticons/images/104.gif" publishTime="03/23/2015 14:49:58" />
    <file relUrl="scripts/ckplayer/share/qzone.png" publishTime="04/06/2015 10:37:17" />
    <file relUrl="editor/plugins/emoticons/images/74.gif" publishTime="03/23/2015 14:49:59" />
    <file relUrl="api/payment/alipaypc/notify_url.aspx" publishTime="05/02/2015 02:29:48" />
    <file relUrl="api/payment/chinabankpc/notify_url.aspx" publishTime="05/02/2015 01:02:59" />
    <file relUrl="templates/main/down_show.html" publishTime="04/28/2015 13:02:48" />
    <file relUrl="templates/main/register.html" publishTime="05/02/2015 18:26:17" />
    <file relUrl="editor/plugins/emoticons/images/119.gif" publishTime="03/23/2015 14:49:59" />
    <file relUrl="editor/themes/common/blank.gif" publishTime="03/23/2015 14:50:12" />
    <file relUrl="editor/plugins/emoticons/emoticons.js" publishTime="03/23/2015 14:49:58" />
    <file relUrl="editor/plugins/emoticons/images/40.gif" publishTime="03/23/2015 14:49:59" />
    <file relUrl="editor/plugins/emoticons/images/118.gif" publishTime="03/23/2015 14:49:59" />
    <file relUrl="admin/channel/channel_list.aspx" publishTime="05/14/2015 22:56:15" />
    <file relUrl="admin/skin/default/nav/user.png" publishTime="03/23/2015 14:14:27" />
    <file relUrl="api/payment/chinabankpc/return_url.aspx" publishTime="05/02/2015 01:03:32" />
    <file relUrl="editor/plugins/emoticons/images/79.gif" publishTime="03/23/2015 14:49:59" />
    <file relUrl="admin/skin/default/nav/order.png" publishTime="03/23/2015 14:14:27" />
    <file relUrl="api/oauth/kaixin/result_json.aspx" publishTime="05/01/2015 15:33:24" />
    <file relUrl="aspx/main/news.aspx" publishTime="05/15/2015 01:37:44" />
    <file relUrl="admin/dialog/dialog_channel.aspx" publishTime="04/02/2015 06:05:19" />
    <file relUrl="aspx/main/news_show.aspx" publishTime="05/15/2015 01:37:44" />
    <file relUrl="editor/plugins/code/prettify.css" publishTime="03/23/2015 14:49:58" />
    <file relUrl="admin/settings/templet_file_list.aspx" publishTime="03/20/2015 03:16:55" />
    <file relUrl="admin/users/amount_log.aspx" publishTime="03/31/2015 02:27:22" />
    <file relUrl="editor/plugins/emoticons/images/124.gif" publishTime="03/23/2015 14:49:59" />
    <file relUrl="editor/plugins/emoticons/images/0.gif" publishTime="03/23/2015 14:49:58" />
    <file relUrl="admin/users/oauth_app_list.aspx" publishTime="05/14/2015 22:45:21" />
    <file relUrl="editor/plugins/emoticons/images/53.gif" publishTime="03/23/2015 14:49:59" />
    <file relUrl="admin/skin/default/nav/sys.png" publishTime="03/23/2015 14:14:27" />
    <file relUrl="admin/dialog/dialog_picture.aspx" publishTime="05/09/2015 01:24:01" />
    <file relUrl="scripts/ckplayer/style.swf" publishTime="04/06/2015 10:37:17" />
    <file relUrl="aspx/main/goods.aspx" publishTime="05/15/2015 01:37:44" />
    <file relUrl="api/oauth/sina/index.aspx" publishTime="05/01/2015 15:33:24" />
    <file relUrl="templates/main/images/prev.png" publishTime="03/30/2014 09:45:10" />
    <file relUrl="scripts/ckplayer/ckplayer.js" publishTime="04/19/2015 17:45:04" />
    <file relUrl="templates/main/about.xml" publishTime="04/19/2015 17:58:53" />
    <file relUrl="api/payment/balance/index.aspx" publishTime="05/02/2015 01:37:03" />
    <file relUrl="templates/main/css/lightbox.css" publishTime="04/09/2015 00:52:32" />
    <file relUrl="aspx/main/photo_show.aspx" publishTime="05/15/2015 01:37:44" />
    <file relUrl="editor/lang/ko.js" publishTime="03/23/2015 14:49:22" />
    <file relUrl="templates/main/_header.html" publishTime="05/03/2015 02:58:58" />
    <file relUrl="editor/plugins/emoticons/images/101.gif" publishTime="03/23/2015 14:49:58" />
    <file relUrl="templates/main/_ucenter_nav.html" publishTime="05/14/2015 23:58:21" />
    <file relUrl="editor/plugins/emoticons/images/64.gif" publishTime="03/23/2015 14:49:59" />
    <file relUrl="editor/plugins/emoticons/images/115.gif" publishTime="03/23/2015 14:49:58" />
    <file relUrl="admin/users/user_edit.aspx" publishTime="03/31/2015 01:27:48" />
    <file relUrl="editor/plugins/emoticons/images/41.gif" publishTime="03/23/2015 14:49:59" />
    <file relUrl="editor/plugins/map/map.js" publishTime="03/23/2015 14:49:59" />
    <file relUrl="api/payment/chinabankpc/index.aspx" publishTime="05/02/2015 01:02:22" />
    <file relUrl="admin/manager/manager_list.aspx" publishTime="03/15/2015 22:38:54" />
    <file relUrl="templates/main/js/avatar.js" publishTime="04/29/2015 02:35:28" />
    <file relUrl="editor/plugins/emoticons/images/133.gif" publishTime="03/23/2015 14:49:59" />
    <file relUrl="admin/manager/role_list.aspx" publishTime="03/15/2015 23:39:13" />
    <file relUrl="editor/plugins/emoticons/images/6.gif" publishTime="03/23/2015 14:49:59" />
    <file relUrl="templates/main/photo.html" publishTime="04/19/2015 01:26:59" />
    <file relUrl="editor/plugins/emoticons/images/82.gif" publishTime="03/23/2015 14:49:59" />
    <file relUrl="editor/plugins/emoticons/images/1.gif" publishTime="03/23/2015 14:49:58" />
    <file relUrl="templates/main/images/slider.png" publishTime="01/26/2015 19:22:18" />
    <file relUrl="admin/skin/default/nav/home.png" publishTime="03/23/2015 14:14:27" />
    <file relUrl="scripts/ckplayer/share/google.png" publishTime="04/06/2015 10:37:17" />
    <file relUrl="editor/plugins/baidumap/index.html" publishTime="03/23/2015 14:49:58" />
    <file relUrl="admin/settings/sys_config.aspx" publishTime="05/14/2015 21:42:40" />
    <file relUrl="scripts/datepicker/skin/whyGreen/bg.jpg" publishTime="02/12/2015 00:37:07" />
    <file relUrl="aspx/main/video_show.aspx" publishTime="05/15/2015 01:37:44" />
    <file relUrl="editor/plugins/emoticons/images/2.gif" publishTime="03/23/2015 14:49:59" />
    <file relUrl="api/oauth/taobao/index.aspx" publishTime="05/01/2015 15:33:24" />
    <file relUrl="scripts/ckplayer/share/tianya.png" publishTime="04/06/2015 10:37:17" />
    <file relUrl="editor/themes/common/media.gif" publishTime="03/23/2015 14:50:12" />
    <file relUrl="editor/plugins/emoticons/images/22.gif" publishTime="03/23/2015 14:49:59" />
    <file relUrl="editor/plugins/emoticons/images/92.gif" publishTime="03/23/2015 14:49:59" />
    <file relUrl="aspx/main/search.aspx" publishTime="05/15/2015 01:37:44" />
    <file relUrl="api/oauth/renren/result_json.aspx" publishTime="05/01/2015 15:33:24" />
    <file relUrl="templates/main/images/cart-arrow.gif" publishTime="11/14/2012 15:28:16" />
    <file relUrl="admin/dialog/dialog_attach.aspx" publishTime="04/02/2015 06:52:08" />
    <file relUrl="editor/plugins/emoticons/images/65.gif" publishTime="03/23/2015 14:49:59" />
    <file relUrl="admin/users/message_edit.aspx" publishTime="03/31/2015 01:39:20" />
    <file relUrl="templates/main/images/avatar-bg.png" publishTime="04/29/2015 03:13:55" />
    <file relUrl="css/pagination.css" publishTime="04/26/2015 01:37:17" />
    <file relUrl="crossdomain.xml" publishTime="04/19/2015 17:05:34" />
    <file relUrl="templates/main/cart.html" publishTime="05/15/2015 01:18:16" />
    <file relUrl="admin/channel/channel_edit.aspx" publishTime="05/14/2015 22:57:36" />
    <file relUrl="admin/manager/manager_pwd.aspx" publishTime="05/04/2015 00:05:03" />
    <file relUrl="templates/main/images/loading.gif" publishTime="03/30/2014 09:45:10" />
    <file relUrl="editor/plugins/emoticons/images/94.gif" publishTime="03/23/2015 14:49:59" />
    <file relUrl="css/image2.gif" publishTime="03/15/2015 22:38:00" />
    <file relUrl="templates/main/usercenter.html" publishTime="05/01/2015 02:26:09" />
    <file relUrl="admin/skin/default/style.css" publishTime="05/04/2015 04:58:44" />
    <file relUrl="editor/plugins/emoticons/images/72.gif" publishTime="03/23/2015 14:49:59" />
    <file relUrl="admin/channel/attribute_field_list.aspx" publishTime="05/15/2015 02:09:03" />
    <file relUrl="aspx/main/login.aspx" publishTime="05/15/2015 01:37:44" />
    <file relUrl="editor/themes/qq/qq.css" publishTime="03/23/2015 14:50:12" />
    <file relUrl="scripts/artdialog/ui-dialog.css" publishTime="02/12/2015 00:35:29" />
    <file relUrl="editor/plugins/emoticons/images/51.gif" publishTime="03/23/2015 14:49:59" />
    <file relUrl="editor/plugins/emoticons/images/68.gif" publishTime="03/23/2015 14:49:59" />
    <file relUrl="templates/main/images/close.png" publishTime="03/30/2014 09:45:10" />
    <file relUrl="editor/plugins/flash/flash.js" publishTime="03/23/2015 14:49:59" />
    <file relUrl="Web.config" publishTime="05/16/2015 14:22:15" />
    <file relUrl="editor/lang/zh-TW.js" publishTime="03/23/2015 14:49:22" />
    <file relUrl="editor/plugins/emoticons/images/98.gif" publishTime="03/23/2015 14:49:59" />
    <file relUrl="editor/plugins/emoticons/images/109.gif" publishTime="03/23/2015 14:49:58" />
    <file relUrl="editor/plugins/emoticons/images/31.gif" publishTime="03/23/2015 14:49:59" />
    <file relUrl="admin/users/group_list.aspx" publishTime="04/03/2015 15:01:42" />
    <file relUrl="editor/plugins/emoticons/images/107.gif" publishTime="03/23/2015 14:49:58" />
    <file relUrl="editor/plugins/emoticons/images/18.gif" publishTime="03/23/2015 14:49:59" />
    <file relUrl="editor/plugins/baidumap/baidumap.js" publishTime="03/23/2015 14:49:58" />
    <file relUrl="editor/plugins/emoticons/images/42.gif" publishTime="03/23/2015 14:49:59" />
    <file relUrl="templates/main/error.html" publishTime="05/01/2015 18:34:14" />
    <file relUrl="templates/main/photo_list.html" publishTime="04/19/2015 01:31:20" />
    <file relUrl="templates/main/usermessage_show.html" publishTime="04/28/2015 01:21:01" />
    <file relUrl="editor/plugins/emoticons/images/88.gif" publishTime="03/23/2015 14:49:59" />
    <file relUrl="editor/plugins/plainpaste/plainpaste.js" publishTime="03/23/2015 14:49:59" />
    <file relUrl="api/oauth/taobao/return_url.aspx" publishTime="05/01/2015 15:33:24" />
    <file relUrl="api/oauth/renren/index.aspx" publishTime="05/01/2015 15:33:24" />
    <file relUrl="admin/manager/manager_edit.aspx" publishTime="05/04/2015 00:05:03" />
    <file relUrl="api/payment/alipaypc/return_url.aspx" publishTime="05/02/2015 02:29:43" />
    <file relUrl="admin/order/order_edit.aspx" publishTime="05/14/2015 22:10:24" />
    <file relUrl="templates/main/photo_show.html" publishTime="04/21/2015 21:00:05" />
    <file relUrl="editor/plugins/emoticons/images/static.gif" publishTime="03/23/2015 14:49:59" />
    <file relUrl="editor/plugins/emoticons/images/134.gif" publishTime="03/23/2015 14:49:59" />
    <file relUrl="templates/main/login.html" publishTime="05/15/2015 01:22:55" />
    <file relUrl="editor/plugins/emoticons/images/52.gif" publishTime="03/23/2015 14:49:59" />
    <file relUrl="editor/plugins/emoticons/images/69.gif" publishTime="03/23/2015 14:49:59" />
    <file relUrl="admin/settings/url_rewrite_edit.aspx" publishTime="03/21/2015 00:08:05" />
    <file relUrl="aspx/main/goods_list.aspx" publishTime="05/15/2015 01:37:44" />
    <file relUrl="editor/plugins/emoticons/images/114.gif" publishTime="03/23/2015 14:49:58" />
    <file relUrl="editor/plugins/emoticons/images/126.gif" publishTime="03/23/2015 14:49:59" />
    <file relUrl="editor/plugins/emoticons/images/14.gif" publishTime="03/23/2015 14:49:59" />
    <file relUrl="aspx/main/content.aspx" publishTime="05/15/2015 01:37:44" />
    <file relUrl="editor/plugins/table/table.js" publishTime="03/23/2015 14:49:59" />
    <file relUrl="editor/plugins/image/images/align_right.gif" publishTime="03/23/2015 14:49:59" />
    <file relUrl="editor/plugins/multiimage/images/image.png" publishTime="03/23/2015 14:49:59" />
    <file relUrl="editor/plugins/emoticons/images/97.gif" publishTime="03/23/2015 14:49:59" />
  </publishProfile>
</publishData>